Target,Target_Namespace,Target_Type,Target_Method,Job_Id,Job_AnalyzeLaunchVariance,Job_EvaluateOverhead,Job_MaxAbsoluteError,Job_MaxRelativeError,Job_MinInvokeCount,Job_MinIterationTime,Job_OutlierMode,Job_Affinity,Job_EnvironmentVariables,Job_Jit,Job_Platform,Job_Runtime,Job_AllowVeryLargeObjects,Job_Concurrent,Job_CpuGroups,Job_Force,Job_HeapAffinitizeMask,Job_HeapCount,Job_NoAffinitize,Job_RetainVm,Job_Server,Job_Arguments,Job_BuildConfiguration,Job_Clock,Job_EngineFactory,Job_NuGetReferences,Job_Toolchain,Job_IsMutator,Job_InvocationCount,Job_IterationCount,Job_IterationTime,Job_LaunchCount,Job_MaxIterationCount,Job_MaxWarmupIterationCount,Job_MinIterationCount,Job_MinWarmupIterationCount,Job_RunStrategy,Job_UnrollFactor,Job_WarmupCount,Job_Display,Params,Measurement_LaunchIndex,Measurement_IterationMode,Measurement_IterationStage,Measurement_IterationIndex,Measurement_Nanoseconds,Measurement_Operations,Measurement_Value
Benchmark.Sha256,console.Enumerations.Example1,Benchmark,Sha256,Core,Default,Default,Default,Default,Default,Default,Default,Default,Default,Default,Default,Core,Default,Default,Default,Default,Default,Default,Default,Default,Default,Default,Default,Default,Default,Default,Default,Default,Default,Default,Default,Default,Default,Default,Default,Default,Default,Default,Default,Core(Runtime=Core),N=1000,1,Overhead,Jitting,1,361754.26,1,361754.26
Benchmark.Sha256,console.Enumerations.Example1,Benchmark,Sha256,Core,Default,Default,Default,Default,Default,Default,Default,Default,Default,Default,Default,Core,Default,Default,Default,Default,Default,Default,Default,Default,Default,Default,Default,Default,Default,Default,Default,Default,Default,Default,Default,Default,Default,Default,Default,Default,Default,Default,Default,Core(Runtime=Core),N=1000,1,Workload,Jitting,1,730437.28,1,730437.28
Benchmark.Sha256,console.Enumerations.Example1,Benchmark,Sha256,Core,Default,Default,Default,Default,Default,Default,Default,Default,Default,Default,Default,Core,Default,Default,Default,Default,Default,Default,Default,Default,Default,Default,Default,Default,Default,Default,Default,Default,Default,Default,Default,Default,Default,Default,Default,Default,Default,Default,Default,Core(Runtime=Core),N=1000,1,Overhead,Jitting,2,219896.99,16,13743.56
Benchmark.Sha256,console.Enumerations.Example1,Benchmark,Sha256,Core,Default,Default,Default,Default,Default,Default,Default,Default,Default,Default,Default,Core,Default,Default,Default,Default,Default,Default,Default,Default,Default,Default,Default,Default,Default,Default,Default,Default,Default,Default,Default,Default,Default,Default,Default,Default,Default,Default,Default,Core(Runtime=Core),N=1000,1,Workload,Jitting,2,314346.95,16,19646.68
Benchmark.Sha256,console.Enumerations.Example1,Benchmark,Sha256,Core,Default,Default,Default,Default,Default,Default,Default,Default,Default,Default,Default,Core,Default,Default,Default,Default,Default,Default,Default,Default,Default,Default,Default,Default,Default,Default,Default,Default,Default,Default,Default,Default,Default,Default,Default,Default,Default,Default,Default,Core(Runtime=Core),N=1000,1,Workload,Pilot,1,2917.37,16,182.34
Benchmark.Sha256,console.Enumerations.Example1,Benchmark,Sha256,Core,Default,Default,Default,Default,Default,Default,Default,Default,Default,Default,Default,Core,Default,Default,Default,Default,Default,Default,Default,Default,Default,Default,Default,Default,Default,Default,Default,Default,Default,Default,Default,Default,Default,Default,Default,Default,Default,Default,Default,Core(Runtime=Core),N=1000,1,Workload,Pilot,2,729.34,32,22.79
Benchmark.Sha256,console.Enumerations.Example1,Benchmark,Sha256,Core,Default,Default,Default,Default,Default,Default,Default,Default,Default,Default,Default,Core,Default,Default,Default,Default,Default,Default,Default,Default,Default,Default,Default,Default,Default,Default,Default,Default,Default,Default,Default,Default,Default,Default,Default,Default,Default,Default,Default,Core(Runtime=Core),N=1000,1,Workload,Pilot,3,1094.01,64,17.09
Benchmark.Sha256,console.Enumerations.Example1,Benchmark,Sha256,Core,Default,Default,Default,Default,Default,Default,Default,Default,Default,Default,Default,Core,Default,Default,Default,Default,Default,Default,Default,Default,Default,Default,Default,Default,Default,Default,Default,Default,Default,Default,Default,Default,Default,Default,Default,Default,Default,Default,Default,Core(Runtime=Core),N=1000,1,Workload,Pilot,4,1823.36,128,14.25
Benchmark.Sha256,console.Enumerations.Example1,Benchmark,Sha256,Core,Default,Default,Default,Default,Default,Default,Default,Default,Default,Default,Default,Core,Default,Default,Default,Default,Default,Default,Default,Default,Default,Default,Default,Default,Default,Default,Default,Default,Default,Default,Default,Default,Default,Default,Default,Default,Default,Default,Default,Core(Runtime=Core),N=1000,1,Workload,Pilot,5,3282.04,256,12.82
Benchmark.Sha256,console.Enumerations.Example1,Benchmark,Sha256,Core,Default,Default,Default,Default,Default,Default,Default,Default,Default,Default,Default,Core,Default,Default,Default,Default,Default,Default,Default,Default,Default,Default,Default,Default,Default,Default,Default,Default,Default,Default,Default,Default,Default,Default,Default,Default,Default,Default,Default,Core(Runtime=Core),N=1000,1,Workload,Pilot,6,5834.75,512,11.4
Benchmark.Sha256,console.Enumerations.Example1,Benchmark,Sha256,Core,Default,Default,Default,Default,Default,Default,Default,Default,Default,Default,Default,Core,Default,Default,Default,Default,Default,Default,Default,Default,Default,Default,Default,Default,Default,Default,Default,Default,Default,Default,Default,Default,Default,Default,Default,Default,Default,Default,Default,Core(Runtime=Core),N=1000,1,Workload,Pilot,7,10940.15,1024,10.68
Benchmark.Sha256,console.Enumerations.Example1,Benchmark,Sha256,Core,Default,Default,Default,Default,Default,Default,Default,Default,Default,Default,Default,Core,Default,Default,Default,Default,Default,Default,Default,Default,Default,Default,Default,Default,Default,Default,Default,Default,Default,Default,Default,Default,Default,Default,Default,Default,Default,Default,Default,Core(Runtime=Core),N=1000,1,Workload,Pilot,8,34643.81,2048,16.92
Benchmark.Sha256,console.Enumerations.Example1,Benchmark,Sha256,Core,Default,Default,Default,Default,Default,Default,Default,Default,Default,Default,Default,Core,Default,Default,Default,Default,Default,Default,Default,Default,Default,Default,Default,Default,Default,Default,Default,Default,Default,Default,Default,Default,Default,Default,Default,Default,Default,Default,Default,Core(Runtime=Core),N=1000,1,Workload,Pilot,9,58347.46,4096,14.24
Benchmark.Sha256,console.Enumerations.Example1,Benchmark,Sha256,Core,Default,Default,Default,Default,Default,Default,Default,Default,Default,Default,Default,Core,Default,Default,Default,Default,Default,Default,Default,Default,Default,Default,Default,Default,Default,Default,Default,Default,Default,Default,Default,Default,Default,Default,Default,Default,Default,Default,Default,Core(Runtime=Core),N=1000,1,Workload,Pilot,10,98096.67,8192,11.97
Benchmark.Sha256,console.Enumerations.Example1,Benchmark,Sha256,Core,Default,Default,Default,Default,Default,Default,Default,Default,Default,Default,Default,Core,Default,Default,Default,Default,Default,Default,Default,Default,Default,Default,Default,Default,Default,Default,Default,Default,Default,Default,Default,Default,Default,Default,Default,Default,Default,Default,Default,Core(Runtime=Core),N=1000,1,Workload,Pilot,11,207133.49,16384,12.64
Benchmark.Sha256,console.Enumerations.Example1,Benchmark,Sha256,Core,Default,Default,Default,Default,Default,Default,Default,Default,Default,Default,Default,Core,Default,Default,Default,Default,Default,Default,Default,Default,Default,Default,Default,Default,Default,Default,Default,Default,Default,Default,Default,Default,Default,Default,Default,Default,Default,Default,Default,Core(Runtime=Core),N=1000,1,Workload,Pilot,12,350814.11,32768,10.71
Benchmark.Sha256,console.Enumerations.Example1,Benchmark,Sha256,Core,Default,Default,Default,Default,Default,Default,Default,Default,Default,Default,Default,Core,Default,Default,Default,Default,Default,Default,Default,Default,Default,Default,Default,Default,Default,Default,Default,Default,Default,Default,Default,Default,Default,Default,Default,Default,Default,Default,Default,Core(Runtime=Core),N=1000,1,Workload,Pilot,13,688500.04,65536,10.51
Benchmark.Sha256,console.Enumerations.Example1,Benchmark,Sha256,Core,Default,Default,Default,Default,Default,Default,Default,Default,Default,Default,Default,Core,Default,Default,Default,Default,Default,Default,Default,Default,Default,Default,Default,Default,Default,Default,Default,Default,Default,Default,Default,Default,Default,Default,Default,Default,Default,Default,Default,Core(Runtime=Core),N=1000,1,Workload,Pilot,14,1403985.79,131072,10.71
Benchmark.Sha256,console.Enumerations.Example1,Benchmark,Sha256,Core,Default,Default,Default,Default,Default,Default,Default,Default,Default,Default,Default,Core,Default,Default,Default,Default,Default,Default,Default,Default,Default,Default,Default,Default,Default,Default,Default,Default,Default,Default,Default,Default,Default,Default,Default,Default,Default,Default,Default,Core(Runtime=Core),N=1000,1,Workload,Pilot,15,2752176.82,262144,10.5
Benchmark.Sha256,console.Enumerations.Example1,Benchmark,Sha256,Core,Default,Default,Default,Default,Default,Default,Default,Default,Default,Default,Default,Core,Default,Default,Default,Default,Default,Default,Default,Default,Default,Default,Default,Default,Default,Default,Default,Default,Default,Default,Default,Default,Default,Default,Default,Default,Default,Default,Default,Core(Runtime=Core),N=1000,1,Workload,Pilot,16,6350756.49,524288,12.11
Benchmark.Sha256,console.Enumerations.Example1,Benchmark,Sha256,Core,Default,Default,Default,Default,Default,Default,Default,Default,Default,Default,Default,Core,Default,Default,Default,Default,Default,Default,Default,Default,Default,Default,Default,Default,Default,Default,Default,Default,Default,Default,Default,Default,Default,Default,Default,Default,Default,Default,Default,Core(Runtime=Core),N=1000,1,Workload,Pilot,17,12057138.21,1048576,11.5
Benchmark.Sha256,console.Enumerations.Example1,Benchmark,Sha256,Core,Default,Default,Default,Default,Default,Default,Default,Default,Default,Default,Default,Core,Default,Default,Default,Default,Default,Default,Default,Default,Default,Default,Default,Default,Default,Default,Default,Default,Default,Default,Default,Default,Default,Default,Default,Default,Default,Default,Default,Core(Runtime=Core),N=1000,1,Workload,Pilot,18,24071974.51,2097152,11.48
Benchmark.Sha256,console.Enumerations.Example1,Benchmark,Sha256,Core,Default,Default,Default,Default,Default,Default,Default,Default,Default,Default,Default,Core,Default,Default,Default,Default,Default,Default,Default,Default,Default,Default,Default,Default,Default,Default,Default,Default,Default,Default,Default,Default,Default,Default,Default,Default,Default,Default,Default,Core(Runtime=Core),N=1000,1,Workload,Pilot,19,45995303.76,4194304,10.97
Benchmark.Sha256,console.Enumerations.Example1,Benchmark,Sha256,Core,Default,Default,Default,Default,Default,Default,Default,Default,Default,Default,Default,Core,Default,Default,Default,Default,Default,Default,Default,Default,Default,Default,Default,Default,Default,Default,Default,Default,Default,Default,Default,Default,Default,Default,Default,Default,Default,Default,Default,Core(Runtime=Core),N=1000,1,Workload,Pilot,20,91675531.23,8388608,10.93
Benchmark.Sha256,console.Enumerations.Example1,Benchmark,Sha256,Core,Default,Default,Default,Default,Default,Default,Default,Default,Default,Default,Default,Core,Default,Default,Default,Default,Default,Default,Default,Default,Default,Default,Default,Default,Default,Default,Default,Default,Default,Default,Default,Default,Default,Default,Default,Default,Default,Default,Default,Core(Runtime=Core),N=1000,1,Workload,Pilot,21,175160172.9,16777216,10.44
Benchmark.Sha256,console.Enumerations.Example1,Benchmark,Sha256,Core,Default,Default,Default,Default,Default,Default,Default,Default,Default,Default,Default,Core,Default,Default,Default,Default,Default,Default,Default,Default,Default,Default,Default,Default,Default,Default,Default,Default,Default,Default,Default,Default,Default,Default,Default,Default,Default,Default,Default,Core(Runtime=Core),N=1000,1,Workload,Pilot,22,365743767.85,33554432,10.9
Benchmark.Sha256,console.Enumerations.Example1,Benchmark,Sha256,Core,Default,Default,Default,Default,Default,Default,Default,Default,Default,Default,Default,Core,Default,Default,Default,Default,Default,Default,Default,Default,Default,Default,Default,Default,Default,Default,Default,Default,Default,Default,Default,Default,Default,Default,Default,Default,Default,Default,Default,Core(Runtime=Core),N=1000,1,Workload,Pilot,23,706388281.2,67108864,10.53
Benchmark.Sha256,console.Enumerations.Example1,Benchmark,Sha256,Core,Default,Default,Default,Default,Default,Default,Default,Default,Default,Default,Default,Core,Default,Default,Default,Default,Default,Default,Default,Default,Default,Default,Default,Default,Default,Default,Default,Default,Default,Default,Default,Default,Default,Default,Default,Default,Default,Default,Default,Core(Runtime=Core),N=1000,1,Overhead,Warmup,1,117368106.48,67108864,1.75
Benchmark.Sha256,console.Enumerations.Example1,Benchmark,Sha256,Core,Default,Default,Default,Default,Default,Default,Default,Default,Default,Default,Default,Core,Default,Default,Default,Default,Default,Default,Default,Default,Default,Default,Default,Default,Default,Default,Default,Default,Default,Default,Default,Default,Default,Default,Default,Default,Default,Default,Default,Core(Runtime=Core),N=1000,1,Overhead,Warmup,2,116525715,67108864,1.74
Benchmark.Sha256,console.Enumerations.Example1,Benchmark,Sha256,Core,Default,Default,Default,Default,Default,Default,Default,Default,Default,Default,Default,Core,Default,Default,Default,Default,Default,Default,Default,Default,Default,Default,Default,Default,Default,Default,Default,Default,Default,Default,Default,Default,Default,Default,Default,Default,Default,Default,Default,Core(Runtime=Core),N=1000,1,Overhead,Warmup,3,115208521.06,67108864,1.72
Benchmark.Sha256,console.Enumerations.Example1,Benchmark,Sha256,Core,Default,Default,Default,Default,Default,Default,Default,Default,Default,Default,Default,Core,Default,Default,Default,Default,Default,Default,Default,Default,Default,Default,Default,Default,Default,Default,Default,Default,Default,Default,Default,Default,Default,Default,Default,Default,Default,Default,Default,Core(Runtime=Core),N=1000,1,Overhead,Warmup,4,116702580.74,67108864,1.74
Benchmark.Sha256,console.Enumerations.Example1,Benchmark,Sha256,Core,Default,Default,Default,Default,Default,Default,Default,Default,Default,Default,Default,Core,Default,Default,Default,Default,Default,Default,Default,Default,Default,Default,Default,Default,Default,Default,Default,Default,Default,Default,Default,Default,Default,Default,Default,Default,Default,Default,Default,Core(Runtime=Core),N=1000,1,Overhead,Warmup,5,117817017.26,67108864,1.76
Benchmark.Sha256,console.Enumerations.Example1,Benchmark,Sha256,Core,Default,Default,Default,Default,Default,Default,Default,Default,Default,Default,Default,Core,Default,Default,Default,Default,Default,Default,Default,Default,Default,Default,Default,Default,Default,Default,Default,Default,Default,Default,Default,Default,Default,Default,Default,Default,Default,Default,Default,Core(Runtime=Core),N=1000,1,Overhead,Warmup,6,124006588.89,67108864,1.85
Benchmark.Sha256,console.Enumerations.Example1,Benchmark,Sha256,Core,Default,Default,Default,Default,Default,Default,Default,Default,Default,Default,Default,Core,Default,Default,Default,Default,Default,Default,Default,Default,Default,Default,Default,Default,Default,Default,Default,Default,Default,Default,Default,Default,Default,Default,Default,Default,Default,Default,Default,Core(Runtime=Core),N=1000,1,Overhead,Warmup,7,121700770.15,67108864,1.81
Benchmark.Sha256,console.Enumerations.Example1,Benchmark,Sha256,Core,Default,Default,Default,Default,Default,Default,Default,Default,Default,Default,Default,Core,Default,Default,Default,Default,Default,Default,Default,Default,Default,Default,Default,Default,Default,Default,Default,Default,Default,Default,Default,Default,Default,Default,Default,Default,Default,Default,Default,Core(Runtime=Core),N=1000,1,Overhead,Warmup,8,122916220.7,67108864,1.83
Benchmark.Sha256,console.Enumerations.Example1,Benchmark,Sha256,Core,Default,Default,Default,Default,Default,Default,Default,Default,Default,Default,Default,Core,Default,Default,Default,Default,Default,Default,Default,Default,Default,Default,Default,Default,Default,Default,Default,Default,Default,Default,Default,Default,Default,Default,Default,Default,Default,Default,Default,Core(Runtime=Core),N=1000,1,Overhead,Warmup,9,122833075.57,67108864,1.83
Benchmark.Sha256,console.Enumerations.Example1,Benchmark,Sha256,Core,Default,Default,Default,Default,Default,Default,Default,Default,Default,Default,Default,Core,Default,Default,Default,Default,Default,Default,Default,Default,Default,Default,Default,Default,Default,Default,Default,Default,Default,Default,Default,Default,Default,Default,Default,Default,Default,Default,Default,Core(Runtime=Core),N=1000,1,Overhead,Actual,1,121726297.16,67108864,1.81
Benchmark.Sha256,console.Enumerations.Example1,Benchmark,Sha256,Core,Default,Default,Default,Default,Default,Default,Default,Default,Default,Default,Default,Core,Default,Default,Default,Default,Default,Default,Default,Default,Default,Default,Default,Default,Default,Default,Default,Default,Default,Default,Default,Default,Default,Default,Default,Default,Default,Default,Default,Core(Runtime=Core),N=1000,1,Overhead,Actual,2,122584369.52,67108864,1.83
Benchmark.Sha256,console.Enumerations.Example1,Benchmark,Sha256,Core,Default,Default,Default,Default,Default,Default,Default,Default,Default,Default,Default,Core,Default,Default,Default,Default,Default,Default,Default,Default,Default,Default,Default,Default,Default,Default,Default,Default,Default,Default,Default,Default,Default,Default,Default,Default,Default,Default,Default,Core(Runtime=Core),N=1000,1,Overhead,Actual,3,121184030.45,67108864,1.81
Benchmark.Sha256,console.Enumerations.Example1,Benchmark,Sha256,Core,Default,Default,Default,Default,Default,Default,Default,Default,Default,Default,Default,Core,Default,Default,Default,Default,Default,Default,Default,Default,Default,Default,Default,Default,Default,Default,Default,Default,Default,Default,Default,Default,Default,Default,Default,Default,Default,Default,Default,Core(Runtime=Core),N=1000,1,Overhead,Actual,4,122541702.94,67108864,1.83
Benchmark.Sha256,console.Enumerations.Example1,Benchmark,Sha256,Core,Default,Default,Default,Default,Default,Default,Default,Default,Default,Default,Default,Core,Default,Default,Default,Default,Default,Default,Default,Default,Default,Default,Default,Default,Default,Default,Default,Default,Default,Default,Default,Default,Default,Default,Default,Default,Default,Default,Default,Core(Runtime=Core),N=1000,1,Overhead,Actual,5,121717909.72,67108864,1.81
Benchmark.Sha256,console.Enumerations.Example1,Benchmark,Sha256,Core,Default,Default,Default,Default,Default,Default,Default,Default,Default,Default,Default,Core,Default,Default,Default,Default,Default,Default,Default,Default,Default,Default,Default,Default,Default,Default,Default,Default,Default,Default,Default,Default,Default,Default,Default,Default,Default,Default,Default,Core(Runtime=Core),N=1000,1,Overhead,Actual,6,118532138.33,67108864,1.77
Benchmark.Sha256,console.Enumerations.Example1,Benchmark,Sha256,Core,Default,Default,Default,Default,Default,Default,Default,Default,Default,Default,Default,Core,Default,Default,Default,Default,Default,Default,Default,Default,Default,Default,Default,Default,Default,Default,Default,Default,Default,Default,Default,Default,Default,Default,Default,Default,Default,Default,Default,Core(Runtime=Core),N=1000,1,Overhead,Actual,7,115457591.79,67108864,1.72
Benchmark.Sha256,console.Enumerations.Example1,Benchmark,Sha256,Core,Default,Default,Default,Default,Default,Default,Default,Default,Default,Default,Default,Core,Default,Default,Default,Default,Default,Default,Default,Default,Default,Default,Default,Default,Default,Default,Default,Default,Default,Default,Default,Default,Default,Default,Default,Default,Default,Default,Default,Core(Runtime=Core),N=1000,1,Overhead,Actual,8,120697193.82,67108864,1.8
Benchmark.Sha256,console.Enumerations.Example1,Benchmark,Sha256,Core,Default,Default,Default,Default,Default,Default,Default,Default,Default,Default,Default,Core,Default,Default,Default,Default,Default,Default,Default,Default,Default,Default,Default,Default,Default,Default,Default,Default,Default,Default,Default,Default,Default,Default,Default,Default,Default,Default,Default,Core(Runtime=Core),N=1000,1,Overhead,Actual,9,116548689.32,67108864,1.74
Benchmark.Sha256,console.Enumerations.Example1,Benchmark,Sha256,Core,Default,Default,Default,Default,Default,Default,Default,Default,Default,Default,Default,Core,Default,Default,Default,Default,Default,Default,Default,Default,Default,Default,Default,Default,Default,Default,Default,Default,Default,Default,Default,Default,Default,Default,Default,Default,Default,Default,Default,Core(Runtime=Core),N=1000,1,Overhead,Actual,10,118119694.71,67108864,1.76
Benchmark.Sha256,console.Enumerations.Example1,Benchmark,Sha256,Core,Default,Default,Default,Default,Default,Default,Default,Default,Default,Default,Default,Core,Default,Default,Default,Default,Default,Default,Default,Default,Default,Default,Default,Default,Default,Default,Default,Default,Default,Default,Default,Default,Default,Default,Default,Default,Default,Default,Default,Core(Runtime=Core),N=1000,1,Overhead,Actual,11,121018834.2,67108864,1.8
Benchmark.Sha256,console.Enumerations.Example1,Benchmark,Sha256,Core,Default,Default,Default,Default,Default,Default,Default,Default,Default,Default,Default,Core,Default,Default,Default,Default,Default,Default,Default,Default,Default,Default,Default,Default,Default,Default,Default,Default,Default,Default,Default,Default,Default,Default,Default,Default,Default,Default,Default,Core(Runtime=Core),N=1000,1,Overhead,Actual,12,121101614.66,67108864,1.8
Benchmark.Sha256,console.Enumerations.Example1,Benchmark,Sha256,Core,Default,Default,Default,Default,Default,Default,Default,Default,Default,Default,Default,Core,Default,Default,Default,Default,Default,Default,Default,Default,Default,Default,Default,Default,Default,Default,Default,Default,Default,Default,Default,Default,Default,Default,Default,Default,Default,Default,Default,Core(Runtime=Core),N=1000,1,Overhead,Actual,13,121559642.23,67108864,1.81
Benchmark.Sha256,console.Enumerations.Example1,Benchmark,Sha256,Core,Default,Default,Default,Default,Default,Default,Default,Default,Default,Default,Default,Core,Default,Default,Default,Default,Default,Default,Default,Default,Default,Default,Default,Default,Default,Default,Default,Default,Default,Default,Default,Default,Default,Default,Default,Default,Default,Default,Default,Core(Runtime=Core),N=1000,1,Overhead,Actual,14,115605648.47,67108864,1.72
Benchmark.Sha256,console.Enumerations.Example1,Benchmark,Sha256,Core,Default,Default,Default,Default,Default,Default,Default,Default,Default,Default,Default,Core,Default,Default,Default,Default,Default,Default,Default,Default,Default,Default,Default,Default,Default,Default,Default,Default,Default,Default,Default,Default,Default,Default,Default,Default,Default,Default,Default,Core(Runtime=Core),N=1000,1,Overhead,Actual,15,122554831.12,67108864,1.83
Benchmark.Sha256,console.Enumerations.Example1,Benchmark,Sha256,Core,Default,Default,Default,Default,Default,Default,Default,Default,Default,Default,Default,Core,Default,Default,Default,Default,Default,Default,Default,Default,Default,Default,Default,Default,Default,Default,Default,Default,Default,Default,Default,Default,Default,Default,Default,Default,Default,Default,Default,Core(Runtime=Core),N=1000,1,Workload,Warmup,1,744665309.85,67108864,11.1
Benchmark.Sha256,console.Enumerations.Example1,Benchmark,Sha256,Core,Default,Default,Default,Default,Default,Default,Default,Default,Default,Default,Default,Core,Default,Default,Default,Default,Default,Default,Default,Default,Default,Default,Default,Default,Default,Default,Default,Default,Default,Default,Default,Default,Default,Default,Default,Default,Default,Default,Default,Core(Runtime=Core),N=1000,1,Workload,Warmup,2,732463032.32,67108864,10.91
Benchmark.Sha256,console.Enumerations.Example1,Benchmark,Sha256,Core,Default,Default,Default,Default,Default,Default,Default,Default,Default,Default,Default,Core,Default,Default,Default,Default,Default,Default,Default,Default,Default,Default,Default,Default,Default,Default,Default,Default,Default,Default,Default,Default,Default,Default,Default,Default,Default,Default,Default,Core(Runtime=Core),N=1000,1,Workload,Warmup,3,718418798.39,67108864,10.71
Benchmark.Sha256,console.Enumerations.Example1,Benchmark,Sha256,Core,Default,Default,Default,Default,Default,Default,Default,Default,Default,Default,Default,Core,Default,Default,Default,Default,Default,Default,Default,Default,Default,Default,Default,Default,Default,Default,Default,Default,Default,Default,Default,Default,Default,Default,Default,Default,Default,Default,Default,Core(Runtime=Core),N=1000,1,Workload,Warmup,4,712941065.78,67108864,10.62
Benchmark.Sha256,console.Enumerations.Example1,Benchmark,Sha256,Core,Default,Default,Default,Default,Default,Default,Default,Default,Default,Default,Default,Core,Default,Default,Default,Default,Default,Default,Default,Default,Default,Default,Default,Default,Default,Default,Default,Default,Default,Default,Default,Default,Default,Default,Default,Default,Default,Default,Default,Core(Runtime=Core),N=1000,1,Workload,Warmup,5,714257165.71,67108864,10.64
Benchmark.Sha256,console.Enumerations.Example1,Benchmark,Sha256,Core,Default,Default,Default,Default,Default,Default,Default,Default,Default,Default,Default,Core,Default,Default,Default,Default,Default,Default,Default,Default,Default,Default,Default,Default,Default,Default,Default,Default,Default,Default,Default,Default,Default,Default,Default,Default,Default,Default,Default,Core(Runtime=Core),N=1000,1,Workload,Warmup,6,718078924.42,67108864,10.7
Benchmark.Sha256,console.Enumerations.Example1,Benchmark,Sha256,Core,Default,Default,Default,Default,Default,Default,Default,Default,Default,Default,Default,Core,Default,Default,Default,Default,Default,Default,Default,Default,Default,Default,Default,Default,Default,Default,Default,Default,Default,Default,Default,Default,Default,Default,Default,Default,Default,Default,Default,Core(Runtime=Core),N=1000,1,Workload,Warmup,7,718328724.49,67108864,10.7
Benchmark.Sha256,console.Enumerations.Example1,Benchmark,Sha256,Core,Default,Default,Default,Default,Default,Default,Default,Default,Default,Default,Default,Core,Default,Default,Default,Default,Default,Default,Default,Default,Default,Default,Default,Default,Default,Default,Default,Default,Default,Default,Default,Default,Default,Default,Default,Default,Default,Default,Default,Core(Runtime=Core),N=1000,1,Workload,Warmup,8,718171551.02,67108864,10.7
Benchmark.Sha256,console.Enumerations.Example1,Benchmark,Sha256,Core,Default,Default,Default,Default,Default,Default,Default,Default,Default,Default,Default,Core,Default,Default,Default,Default,Default,Default,Default,Default,Default,Default,Default,Default,Default,Default,Default,Default,Default,Default,Default,Default,Default,Default,Default,Default,Default,Default,Default,Core(Runtime=Core),N=1000,1,Workload,Warmup,9,731526190.9,67108864,10.9
Benchmark.Sha256,console.Enumerations.Example1,Benchmark,Sha256,Core,Default,Default,Default,Default,Default,Default,Default,Default,Default,Default,Default,Core,Default,Default,Default,Default,Default,Default,Default,Default,Default,Default,Default,Default,Default,Default,Default,Default,Default,Default,Default,Default,Default,Default,Default,Default,Default,Default,Default,Core(Runtime=Core),N=1000,1,Workload,Warmup,10,732388274.64,67108864,10.91
Benchmark.Sha256,console.Enumerations.Example1,Benchmark,Sha256,Core,Default,Default,Default,Default,Default,Default,Default,Default,Default,Default,Default,Core,Default,Default,Default,Default,Default,Default,Default,Default,Default,Default,Default,Default,Default,Default,Default,Default,Default,Default,Default,Default,Default,Default,Default,Default,Default,Default,Default,Core(Runtime=Core),N=1000,1,Workload,Warmup,11,717174903.44,67108864,10.69
Benchmark.Sha256,console.Enumerations.Example1,Benchmark,Sha256,Core,Default,Default,Default,Default,Default,Default,Default,Default,Default,Default,Default,Core,Default,Default,Default,Default,Default,Default,Default,Default,Default,Default,Default,Default,Default,Default,Default,Default,Default,Default,Default,Default,Default,Default,Default,Default,Default,Default,Default,Core(Runtime=Core),N=1000,1,Workload,Actual,1,720359945.49,67108864,10.73
Benchmark.Sha256,console.Enumerations.Example1,Benchmark,Sha256,Core,Default,Default,Default,Default,Default,Default,Default,Default,Default,Default,Default,Core,Default,Default,Default,Default,Default,Default,Default,Default,Default,Default,Default,Default,Default,Default,Default,Default,Default,Default,Default,Default,Default,Default,Default,Default,Default,Default,Default,Core(Runtime=Core),N=1000,1,Workload,Actual,2,723098264.78,67108864,10.78
Benchmark.Sha256,console.Enumerations.Example1,Benchmark,Sha256,Core,Default,Default,Default,Default,Default,Default,Default,Default,Default,Default,Default,Core,Default,Default,Default,Default,Default,Default,Default,Default,Default,Default,Default,Default,Default,Default,Default,Default,Default,Default,Default,Default,Default,Default,Default,Default,Default,Default,Default,Core(Runtime=Core),N=1000,1,Workload,Actual,3,716638836.14,67108864,10.68
Benchmark.Sha256,console.Enumerations.Example1,Benchmark,Sha256,Core,Default,Default,Default,Default,Default,Default,Default,Default,Default,Default,Default,Core,Default,Default,Default,Default,Default,Default,Default,Default,Default,Default,Default,Default,Default,Default,Default,Default,Default,Default,Default,Default,Default,Default,Default,Default,Default,Default,Default,Core(Runtime=Core),N=1000,1,Workload,Actual,4,717225957.47,67108864,10.69
Benchmark.Sha256,console.Enumerations.Example1,Benchmark,Sha256,Core,Default,Default,Default,Default,Default,Default,Default,Default,Default,Default,Default,Core,Default,Default,Default,Default,Default,Default,Default,Default,Default,Default,Default,Default,Default,Default,Default,Default,Default,Default,Default,Default,Default,Default,Default,Default,Default,Default,Default,Core(Runtime=Core),N=1000,1,Workload,Actual,5,726397084.38,67108864,10.82
Benchmark.Sha256,console.Enumerations.Example1,Benchmark,Sha256,Core,Default,Default,Default,Default,Default,Default,Default,Default,Default,Default,Default,Core,Default,Default,Default,Default,Default,Default,Default,Default,Default,Default,Default,Default,Default,Default,Default,Default,Default,Default,Default,Default,Default,Default,Default,Default,Default,Default,Default,Core(Runtime=Core),N=1000,1,Workload,Actual,6,716919268.63,67108864,10.68
Benchmark.Sha256,console.Enumerations.Example1,Benchmark,Sha256,Core,Default,Default,Default,Default,Default,Default,Default,Default,Default,Default,Default,Core,Default,Default,Default,Default,Default,Default,Default,Default,Default,Default,Default,Default,Default,Default,Default,Default,Default,Default,Default,Default,Default,Default,Default,Default,Default,Default,Default,Core(Runtime=Core),N=1000,1,Workload,Actual,7,722156317.95,67108864,10.76
Benchmark.Sha256,console.Enumerations.Example1,Benchmark,Sha256,Core,Default,Default,Default,Default,Default,Default,Default,Default,Default,Default,Default,Core,Default,Default,Default,Default,Default,Default,Default,Default,Default,Default,Default,Default,Default,Default,Default,Default,Default,Default,Default,Default,Default,Default,Default,Default,Default,Default,Default,Core(Runtime=Core),N=1000,1,Workload,Actual,8,719745109.12,67108864,10.73
Benchmark.Sha256,console.Enumerations.Example1,Benchmark,Sha256,Core,Default,Default,Default,Default,Default,Default,Default,Default,Default,Default,Default,Core,Default,Default,Default,Default,Default,Default,Default,Default,Default,Default,Default,Default,Default,Default,Default,Default,Default,Default,Default,Default,Default,Default,Default,Default,Default,Default,Default,Core(Runtime=Core),N=1000,1,Workload,Actual,9,721098405.55,67108864,10.75
Benchmark.Sha256,console.Enumerations.Example1,Benchmark,Sha256,Core,Default,Default,Default,Default,Default,Default,Default,Default,Default,Default,Default,Core,Default,Default,Default,Default,Default,Default,Default,Default,Default,Default,Default,Default,Default,Default,Default,Default,Default,Default,Default,Default,Default,Default,Default,Default,Default,Default,Default,Core(Runtime=Core),N=1000,1,Workload,Actual,10,740003712.36,67108864,11.03
Benchmark.Sha256,console.Enumerations.Example1,Benchmark,Sha256,Core,Default,Default,Default,Default,Default,Default,Default,Default,Default,Default,Default,Core,Default,Default,Default,Default,Default,Default,Default,Default,Default,Default,Default,Default,Default,Default,Default,Default,Default,Default,Default,Default,Default,Default,Default,Default,Default,Default,Default,Core(Runtime=Core),N=1000,1,Workload,Actual,11,738868489.56,67108864,11.01
Benchmark.Sha256,console.Enumerations.Example1,Benchmark,Sha256,Core,Default,Default,Default,Default,Default,Default,Default,Default,Default,Default,Default,Core,Default,Default,Default,Default,Default,Default,Default,Default,Default,Default,Default,Default,Default,Default,Default,Default,Default,Default,Default,Default,Default,Default,Default,Default,Default,Default,Default,Core(Runtime=Core),N=1000,1,Workload,Actual,12,738813788.82,67108864,11.01
Benchmark.Sha256,console.Enumerations.Example1,Benchmark,Sha256,Core,Default,Default,Default,Default,Default,Default,Default,Default,Default,Default,Default,Core,Default,Default,Default,Default,Default,Default,Default,Default,Default,Default,Default,Default,Default,Default,Default,Default,Default,Default,Default,Default,Default,Default,Default,Default,Default,Default,Default,Core(Runtime=Core),N=1000,1,Workload,Actual,13,760298418.09,67108864,11.33
Benchmark.Sha256,console.Enumerations.Example1,Benchmark,Sha256,Core,Default,Default,Default,Default,Default,Default,Default,Default,Default,Default,Default,Core,Default,Default,Default,Default,Default,Default,Default,Default,Default,Default,Default,Default,Default,Default,Default,Default,Default,Default,Default,Default,Default,Default,Default,Default,Default,Default,Default,Core(Runtime=Core),N=1000,1,Workload,Actual,14,763847402.43,67108864,11.38
Benchmark.Sha256,console.Enumerations.Example1,Benchmark,Sha256,Core,Default,Default,Default,Default,Default,Default,Default,Default,Default,Default,Default,Core,Default,Default,Default,Default,Default,Default,Default,Default,Default,Default,Default,Default,Default,Default,Default,Default,Default,Default,Default,Default,Default,Default,Default,Default,Default,Default,Default,Core(Runtime=Core),N=1000,1,Workload,Actual,15,747528711.51,67108864,11.14
Benchmark.Sha256,console.Enumerations.Example1,Benchmark,Sha256,Core,Default,Default,Default,Default,Default,Default,Default,Default,Default,Default,Default,Core,Default,Default,Default,Default,Default,Default,Default,Default,Default,Default,Default,Default,Default,Default,Default,Default,Default,Default,Default,Default,Default,Default,Default,Default,Default,Default,Default,Core(Runtime=Core),N=1000,1,Workload,Actual,16,740785568.34,67108864,11.04
Benchmark.Sha256,console.Enumerations.Example1,Benchmark,Sha256,Core,Default,Default,Default,Default,Default,Default,Default,Default,Default,Default,Default,Core,Default,Default,Default,Default,Default,Default,Default,Default,Default,Default,Default,Default,Default,Default,Default,Default,Default,Default,Default,Default,Default,Default,Default,Default,Default,Default,Default,Core(Runtime=Core),N=1000,1,Workload,Actual,17,717206629.88,67108864,10.69
Benchmark.Sha256,console.Enumerations.Example1,Benchmark,Sha256,Core,Default,Default,Default,Default,Default,Default,Default,Default,Default,Default,Default,Core,Default,Default,Default,Default,Default,Default,Default,Default,Default,Default,Default,Default,Default,Default,Default,Default,Default,Default,Default,Default,Default,Default,Default,Default,Default,Default,Default,Core(Runtime=Core),N=1000,1,Workload,Actual,18,751263313.71,67108864,11.19
Benchmark.Sha256,console.Enumerations.Example1,Benchmark,Sha256,Core,Default,Default,Default,Default,Default,Default,Default,Default,Default,Default,Default,Core,Default,Default,Default,Default,Default,Default,Default,Default,Default,Default,Default,Default,Default,Default,Default,Default,Default,Default,Default,Default,Default,Default,Default,Default,Default,Default,Default,Core(Runtime=Core),N=1000,1,Workload,Result,1,600296599.6,67108864,8.95
Benchmark.Sha256,console.Enumerations.Example1,Benchmark,Sha256,Core,Default,Default,Default,Default,Default,Default,Default,Default,Default,Default,Default,Core,Default,Default,Default,Default,Default,Default,Default,Default,Default,Default,Default,Default,Default,Default,Default,Default,Default,Default,Default,Default,Default,Default,Default,Default,Default,Default,Default,Core(Runtime=Core),N=1000,1,Workload,Result,2,603034918.89,67108864,8.99
Benchmark.Sha256,console.Enumerations.Example1,Benchmark,Sha256,Core,Default,Default,Default,Default,Default,Default,Default,Default,Default,Default,Default,Core,Default,Default,Default,Default,Default,Default,Default,Default,Default,Default,Default,Default,Default,Default,Default,Default,Default,Default,Default,Default,Default,Default,Default,Default,Default,Default,Default,Core(Runtime=Core),N=1000,1,Workload,Result,3,596575490.25,67108864,8.89
Benchmark.Sha256,console.Enumerations.Example1,Benchmark,Sha256,Core,Default,Default,Default,Default,Default,Default,Default,Default,Default,Default,Default,Core,Default,Default,Default,Default,Default,Default,Default,Default,Default,Default,Default,Default,Default,Default,Default,Default,Default,Default,Default,Default,Default,Default,Default,Default,Default,Default,Default,Core(Runtime=Core),N=1000,1,Workload,Result,4,597162611.58,67108864,8.9
Benchmark.Sha256,console.Enumerations.Example1,Benchmark,Sha256,Core,Default,Default,Default,Default,Default,Default,Default,Default,Default,Default,Default,Core,Default,Default,Default,Default,Default,Default,Default,Default,Default,Default,Default,Default,Default,Default,Default,Default,Default,Default,Default,Default,Default,Default,Default,Default,Default,Default,Default,Core(Runtime=Core),N=1000,1,Workload,Result,5,606333738.48,67108864,9.04
Benchmark.Sha256,console.Enumerations.Example1,Benchmark,Sha256,Core,Default,Default,Default,Default,Default,Default,Default,Default,Default,Default,Default,Core,Default,Default,Default,Default,Default,Default,Default,Default,Default,Default,Default,Default,Default,Default,Default,Default,Default,Default,Default,Default,Default,Default,Default,Default,Default,Default,Default,Core(Runtime=Core),N=1000,1,Workload,Result,6,596855922.74,67108864,8.89
Benchmark.Sha256,console.Enumerations.Example1,Benchmark,Sha256,Core,Default,Default,Default,Default,Default,Default,Default,Default,Default,Default,Default,Core,Default,Default,Default,Default,Default,Default,Default,Default,Default,Default,Default,Default,Default,Default,Default,Default,Default,Default,Default,Default,Default,Default,Default,Default,Default,Default,Default,Core(Runtime=Core),N=1000,1,Workload,Result,7,602092972.06,67108864,8.97
Benchmark.Sha256,console.Enumerations.Example1,Benchmark,Sha256,Core,Default,Default,Default,Default,Default,Default,Default,Default,Default,Default,Default,Core,Default,Default,Default,Default,Default,Default,Default,Default,Default,Default,Default,Default,Default,Default,Default,Default,Default,Default,Default,Default,Default,Default,Default,Default,Default,Default,Default,Core(Runtime=Core),N=1000,1,Workload,Result,8,599681763.22,67108864,8.94
Benchmark.Sha256,console.Enumerations.Example1,Benchmark,Sha256,Core,Default,Default,Default,Default,Default,Default,Default,Default,Default,Default,Default,Core,Default,Default,Default,Default,Default,Default,Default,Default,Default,Default,Default,Default,Default,Default,Default,Default,Default,Default,Default,Default,Default,Default,Default,Default,Default,Default,Default,Core(Runtime=Core),N=1000,1,Workload,Result,9,601035059.65,67108864,8.96
Benchmark.Sha256,console.Enumerations.Example1,Benchmark,Sha256,Core,Default,Default,Default,Default,Default,Default,Default,Default,Default,Default,Default,Core,Default,Default,Default,Default,Default,Default,Default,Default,Default,Default,Default,Default,Default,Default,Default,Default,Default,Default,Default,Default,Default,Default,Default,Default,Default,Default,Default,Core(Runtime=Core),N=1000,1,Workload,Result,10,619940366.46,67108864,9.24
Benchmark.Sha256,console.Enumerations.Example1,Benchmark,Sha256,Core,Default,Default,Default,Default,Default,Default,Default,Default,Default,Default,Default,Core,Default,Default,Default,Default,Default,Default,Default,Default,Default,Default,Default,Default,Default,Default,Default,Default,Default,Default,Default,Default,Default,Default,Default,Default,Default,Default,Default,Core(Runtime=Core),N=1000,1,Workload,Result,11,618805143.67,67108864,9.22
Benchmark.Sha256,console.Enumerations.Example1,Benchmark,Sha256,Core,Default,Default,Default,Default,Default,Default,Default,Default,Default,Default,Default,Core,Default,Default,Default,Default,Default,Default,Default,Default,Default,Default,Default,Default,Default,Default,Default,Default,Default,Default,Default,Default,Default,Default,Default,Default,Default,Default,Default,Core(Runtime=Core),N=1000,1,Workload,Result,12,618750442.92,67108864,9.22
Benchmark.Sha256,console.Enumerations.Example1,Benchmark,Sha256,Core,Default,Default,Default,Default,Default,Default,Default,Default,Default,Default,Default,Core,Default,Default,Default,Default,Default,Default,Default,Default,Default,Default,Default,Default,Default,Default,Default,Default,Default,Default,Default,Default,Default,Default,Default,Default,Default,Default,Default,Core(Runtime=Core),N=1000,1,Workload,Result,13,640235072.2,67108864,9.54
Benchmark.Sha256,console.Enumerations.Example1,Benchmark,Sha256,Core,Default,Default,Default,Default,Default,Default,Default,Default,Default,Default,Default,Core,Default,Default,Default,Default,Default,Default,Default,Default,Default,Default,Default,Default,Default,Default,Default,Default,Default,Default,Default,Default,Default,Default,Default,Default,Default,Default,Default,Core(Runtime=Core),N=1000,1,Workload,Result,14,643784056.53,67108864,9.59
Benchmark.Sha256,console.Enumerations.Example1,Benchmark,Sha256,Core,Default,Default,Default,Default,Default,Default,Default,Default,Default,Default,Default,Core,Default,Default,Default,Default,Default,Default,Default,Default,Default,Default,Default,Default,Default,Default,Default,Default,Default,Default,Default,Default,Default,Default,Default,Default,Default,Default,Default,Core(Runtime=Core),N=1000,1,Workload,Result,15,627465365.62,67108864,9.35
Benchmark.Sha256,console.Enumerations.Example1,Benchmark,Sha256,Core,Default,Default,Default,Default,Default,Default,Default,Default,Default,Default,Default,Core,Default,Default,Default,Default,Default,Default,Default,Default,Default,Default,Default,Default,Default,Default,Default,Default,Default,Default,Default,Default,Default,Default,Default,Default,Default,Default,Default,Core(Runtime=Core),N=1000,1,Workload,Result,16,620722222.45,67108864,9.25
Benchmark.Sha256,console.Enumerations.Example1,Benchmark,Sha256,Core,Default,Default,Default,Default,Default,Default,Default,Default,Default,Default,Default,Core,Default,Default,Default,Default,Default,Default,Default,Default,Default,Default,Default,Default,Default,Default,Default,Default,Default,Default,Default,Default,Default,Default,Default,Default,Default,Default,Default,Core(Runtime=Core),N=1000,1,Workload,Result,17,597143283.98,67108864,8.9
Benchmark.Sha256,console.Enumerations.Example1,Benchmark,Sha256,Core,Default,Default,Default,Default,Default,Default,Default,Default,Default,Default,Default,Core,Default,Default,Default,Default,Default,Default,Default,Default,Default,Default,Default,Default,Default,Default,Default,Default,Default,Default,Default,Default,Default,Default,Default,Default,Default,Default,Default,Core(Runtime=Core),N=1000,1,Workload,Result,18,631199967.81,67108864,9.41
Benchmark.Sha256,console.Enumerations.Example1,Benchmark,Sha256,Core,Default,Default,Default,Default,Default,Default,Default,Default,Default,Default,Default,Core,Default,Default,Default,Default,Default,Default,Default,Default,Default,Default,Default,Default,Default,Default,Default,Default,Default,Default,Default,Default,Default,Default,Default,Default,Default,Default,Default,Core(Runtime=Core),N=10000,1,Overhead,Jitting,1,257093.5,1,257093.5
Benchmark.Sha256,console.Enumerations.Example1,Benchmark,Sha256,Core,Default,Default,Default,Default,Default,Default,Default,Default,Default,Default,Default,Core,Default,Default,Default,Default,Default,Default,Default,Default,Default,Default,Default,Default,Default,Default,Default,Default,Default,Default,Default,Default,Default,Default,Default,Default,Default,Default,Default,Core(Runtime=Core),N=10000,1,Workload,Jitting,1,800454.23,1,800454.23
Benchmark.Sha256,console.Enumerations.Example1,Benchmark,Sha256,Core,Default,Default,Default,Default,Default,Default,Default,Default,Default,Default,Default,Core,Default,Default,Default,Default,Default,Default,Default,Default,Default,Default,Default,Default,Default,Default,Default,Default,Default,Default,Default,Default,Default,Default,Default,Default,Default,Default,Default,Core(Runtime=Core),N=10000,1,Overhead,Jitting,2,684123.98,16,42757.75
Benchmark.Sha256,console.Enumerations.Example1,Benchmark,Sha256,Core,Default,Default,Default,Default,Default,Default,Default,Default,Default,Default,Default,Core,Default,Default,Default,Default,Default,Default,Default,Default,Default,Default,Default,Default,Default,Default,Default,Default,Default,Default,Default,Default,Default,Default,Default,Default,Default,Default,Default,Core(Runtime=Core),N=10000,1,Workload,Jitting,2,479178.53,16,29948.66
Benchmark.Sha256,console.Enumerations.Example1,Benchmark,Sha256,Core,Default,Default,Default,Default,Default,Default,Default,Default,Default,Default,Default,Core,Default,Default,Default,Default,Default,Default,Default,Default,Default,Default,Default,Default,Default,Default,Default,Default,Default,Default,Default,Default,Default,Default,Default,Default,Default,Default,Default,Core(Runtime=Core),N=10000,1,Workload,Pilot,1,3646.72,16,227.92
Benchmark.Sha256,console.Enumerations.Example1,Benchmark,Sha256,Core,Default,Default,Default,Default,Default,Default,Default,Default,Default,Default,Default,Core,Default,Default,Default,Default,Default,Default,Default,Default,Default,Default,Default,Default,Default,Default,Default,Default,Default,Default,Default,Default,Default,Default,Default,Default,Default,Default,Default,Core(Runtime=Core),N=10000,1,Workload,Pilot,2,1094.01,32,34.19
Benchmark.Sha256,console.Enumerations.Example1,Benchmark,Sha256,Core,Default,Default,Default,Default,Default,Default,Default,Default,Default,Default,Default,Core,Default,Default,Default,Default,Default,Default,Default,Default,Default,Default,Default,Default,Default,Default,Default,Default,Default,Default,Default,Default,Default,Default,Default,Default,Default,Default,Default,Core(Runtime=Core),N=10000,1,Workload,Pilot,3,1094.01,64,17.09
Benchmark.Sha256,console.Enumerations.Example1,Benchmark,Sha256,Core,Default,Default,Default,Default,Default,Default,Default,Default,Default,Default,Default,Core,Default,Default,Default,Default,Default,Default,Default,Default,Default,Default,Default,Default,Default,Default,Default,Default,Default,Default,Default,Default,Default,Default,Default,Default,Default,Default,Default,Core(Runtime=Core),N=10000,1,Workload,Pilot,4,1823.36,128,14.25
Benchmark.Sha256,console.Enumerations.Example1,Benchmark,Sha256,Core,Default,Default,Default,Default,Default,Default,Default,Default,Default,Default,Default,Core,Default,Default,Default,Default,Default,Default,Default,Default,Default,Default,Default,Default,Default,Default,Default,Default,Default,Default,Default,Default,Default,Default,Default,Default,Default,Default,Default,Core(Runtime=Core),N=10000,1,Workload,Pilot,5,2917.37,256,11.4
Benchmark.Sha256,console.Enumerations.Example1,Benchmark,Sha256,Core,Default,Default,Default,Default,Default,Default,Default,Default,Default,Default,Default,Core,Default,Default,Default,Default,Default,Default,Default,Default,Default,Default,Default,Default,Default,Default,Default,Default,Default,Default,Default,Default,Default,Default,Default,Default,Default,Default,Default,Core(Runtime=Core),N=10000,1,Workload,Pilot,6,5834.75,512,11.4
Benchmark.Sha256,console.Enumerations.Example1,Benchmark,Sha256,Core,Default,Default,Default,Default,Default,Default,Default,Default,Default,Default,Default,Core,Default,Default,Default,Default,Default,Default,Default,Default,Default,Default,Default,Default,Default,Default,Default,Default,Default,Default,Default,Default,Default,Default,Default,Default,Default,Default,Default,Core(Runtime=Core),N=10000,1,Workload,Pilot,7,11304.82,1024,11.04
Benchmark.Sha256,console.Enumerations.Example1,Benchmark,Sha256,Core,Default,Default,Default,Default,Default,Default,Default,Default,Default,Default,Default,Core,Default,Default,Default,Default,Default,Default,Default,Default,Default,Default,Default,Default,Default,Default,Default,Default,Default,Default,Default,Default,Default,Default,Default,Default,Default,Default,Default,Core(Runtime=Core),N=10000,1,Workload,Pilot,8,22244.97,2048,10.86
Benchmark.Sha256,console.Enumerations.Example1,Benchmark,Sha256,Core,Default,Default,Default,Default,Default,Default,Default,Default,Default,Default,Default,Core,Default,Default,Default,Default,Default,Default,Default,Default,Default,Default,Default,Default,Default,Default,Default,Default,Default,Default,Default,Default,Default,Default,Default,Default,Default,Default,Default,Core(Runtime=Core),N=10000,1,Workload,Pilot,9,44854.61,4096,10.95
Benchmark.Sha256,console.Enumerations.Example1,Benchmark,Sha256,Core,Default,Default,Default,Default,Default,Default,Default,Default,Default,Default,Default,Core,Default,Default,Default,Default,Default,Default,Default,Default,Default,Default,Default,Default,Default,Default,Default,Default,Default,Default,Default,Default,Default,Default,Default,Default,Default,Default,Default,Core(Runtime=Core),N=10000,1,Workload,Pilot,10,87156.52,8192,10.64
Benchmark.Sha256,console.Enumerations.Example1,Benchmark,Sha256,Core,Default,Default,Default,Default,Default,Default,Default,Default,Default,Default,Default,Core,Default,Default,Default,Default,Default,Default,Default,Default,Default,Default,Default,Default,Default,Default,Default,Default,Default,Default,Default,Default,Default,Default,Default,Default,Default,Default,Default,Core(Runtime=Core),N=10000,1,Workload,Pilot,11,173948.37,16384,10.62
Benchmark.Sha256,console.Enumerations.Example1,Benchmark,Sha256,Core,Default,Default,Default,Default,Default,Default,Default,Default,Default,Default,Default,Core,Default,Default,Default,Default,Default,Default,Default,Default,Default,Default,Default,Default,Default,Default,Default,Default,Default,Default,Default,Default,Default,Default,Default,Default,Default,Default,Default,Core(Runtime=Core),N=10000,1,Workload,Pilot,12,351543.45,32768,10.73
Benchmark.Sha256,console.Enumerations.Example1,Benchmark,Sha256,Core,Default,Default,Default,Default,Default,Default,Default,Default,Default,Default,Default,Core,Default,Default,Default,Default,Default,Default,Default,Default,Default,Default,Default,Default,Default,Default,Default,Default,Default,Default,Default,Default,Default,Default,Default,Default,Default,Default,Default,Core(Runtime=Core),N=10000,1,Workload,Pilot,13,790243.43,65536,12.06
Benchmark.Sha256,console.Enumerations.Example1,Benchmark,Sha256,Core,Default,Default,Default,Default,Default,Default,Default,Default,Default,Default,Default,Core,Default,Default,Default,Default,Default,Default,Default,Default,Default,Default,Default,Default,Default,Default,Default,Default,Default,Default,Default,Default,Default,Default,Default,Default,Default,Default,Default,Core(Runtime=Core),N=10000,1,Workload,Pilot,14,1428054.12,131072,10.9
Benchmark.Sha256,console.Enumerations.Example1,Benchmark,Sha256,Core,Default,Default,Default,Default,Default,Default,Default,Default,Default,Default,Default,Core,Default,Default,Default,Default,Default,Default,Default,Default,Default,Default,Default,Default,Default,Default,Default,Default,Default,Default,Default,Default,Default,Default,Default,Default,Default,Default,Default,Core(Runtime=Core),N=10000,1,Workload,Pilot,15,2804324.86,262144,10.7
Benchmark.Sha256,console.Enumerations.Example1,Benchmark,Sha256,Core,Default,Default,Default,Default,Default,Default,Default,Default,Default,Default,Default,Core,Default,Default,Default,Default,Default,Default,Default,Default,Default,Default,Default,Default,Default,Default,Default,Default,Default,Default,Default,Default,Default,Default,Default,Default,Default,Default,Default,Core(Runtime=Core),N=10000,1,Workload,Pilot,16,6002130.41,524288,11.45
Benchmark.Sha256,console.Enumerations.Example1,Benchmark,Sha256,Core,Default,Default,Default,Default,Default,Default,Default,Default,Default,Default,Default,Core,Default,Default,Default,Default,Default,Default,Default,Default,Default,Default,Default,Default,Default,Default,Default,Default,Default,Default,Default,Default,Default,Default,Default,Default,Default,Default,Default,Core(Runtime=Core),N=10000,1,Workload,Pilot,17,11727839.73,1048576,11.18
Benchmark.Sha256,console.Enumerations.Example1,Benchmark,Sha256,Core,Default,Default,Default,Default,Default,Default,Default,Default,Default,Default,Default,Core,Default,Default,Default,Default,Default,Default,Default,Default,Default,Default,Default,Default,Default,Default,Default,Default,Default,Default,Default,Default,Default,Default,Default,Default,Default,Default,Default,Core(Runtime=Core),N=10000,1,Workload,Pilot,18,23825821.16,2097152,11.36
Benchmark.Sha256,console.Enumerations.Example1,Benchmark,Sha256,Core,Default,Default,Default,Default,Default,Default,Default,Default,Default,Default,Default,Core,Default,Default,Default,Default,Default,Default,Default,Default,Default,Default,Default,Default,Default,Default,Default,Default,Default,Default,Default,Default,Default,Default,Default,Default,Default,Default,Default,Core(Runtime=Core),N=10000,1,Workload,Pilot,19,47017113.68,4194304,11.21
Benchmark.Sha256,console.Enumerations.Example1,Benchmark,Sha256,Core,Default,Default,Default,Default,Default,Default,Default,Default,Default,Default,Default,Core,Default,Default,Default,Default,Default,Default,Default,Default,Default,Default,Default,Default,Default,Default,Default,Default,Default,Default,Default,Default,Default,Default,Default,Default,Default,Default,Default,Core(Runtime=Core),N=10000,1,Workload,Pilot,20,96400216.91,8388608,11.49
Benchmark.Sha256,console.Enumerations.Example1,Benchmark,Sha256,Core,Default,Default,Default,Default,Default,Default,Default,Default,Default,Default,Default,Core,Default,Default,Default,Default,Default,Default,Default,Default,Default,Default,Default,Default,Default,Default,Default,Default,Default,Default,Default,Default,Default,Default,Default,Default,Default,Default,Default,Core(Runtime=Core),N=10000,1,Workload,Pilot,21,191499650.1,16777216,11.41
Benchmark.Sha256,console.Enumerations.Example1,Benchmark,Sha256,Core,Default,Default,Default,Default,Default,Default,Default,Default,Default,Default,Default,Core,Default,Default,Default,Default,Default,Default,Default,Default,Default,Default,Default,Default,Default,Default,Default,Default,Default,Default,Default,Default,Default,Default,Default,Default,Default,Default,Default,Core(Runtime=Core),N=10000,1,Workload,Pilot,22,369371521.26,33554432,11.01
Benchmark.Sha256,console.Enumerations.Example1,Benchmark,Sha256,Core,Default,Default,Default,Default,Default,Default,Default,Default,Default,Default,Default,Core,Default,Default,Default,Default,Default,Default,Default,Default,Default,Default,Default,Default,Default,Default,Default,Default,Default,Default,Default,Default,Default,Default,Default,Default,Default,Default,Default,Core(Runtime=Core),N=10000,1,Workload,Pilot,23,735335550.78,67108864,10.96
Benchmark.Sha256,console.Enumerations.Example1,Benchmark,Sha256,Core,Default,Default,Default,Default,Default,Default,Default,Default,Default,Default,Default,Core,Default,Default,Default,Default,Default,Default,Default,Default,Default,Default,Default,Default,Default,Default,Default,Default,Default,Default,Default,Default,Default,Default,Default,Default,Default,Default,Default,Core(Runtime=Core),N=10000,1,Overhead,Warmup,1,116670124.97,67108864,1.74
Benchmark.Sha256,console.Enumerations.Example1,Benchmark,Sha256,Core,Default,Default,Default,Default,Default,Default,Default,Default,Default,Default,Default,Core,Default,Default,Default,Default,Default,Default,Default,Default,Default,Default,Default,Default,Default,Default,Default,Default,Default,Default,Default,Default,Default,Default,Default,Default,Default,Default,Default,Core(Runtime=Core),N=10000,1,Overhead,Warmup,2,116751811.42,67108864,1.74
Benchmark.Sha256,console.Enumerations.Example1,Benchmark,Sha256,Core,Default,Default,Default,Default,Default,Default,Default,Default,Default,Default,Default,Core,Default,Default,Default,Default,Default,Default,Default,Default,Default,Default,Default,Default,Default,Default,Default,Default,Default,Default,Default,Default,Default,Default,Default,Default,Default,Default,Default,Core(Runtime=Core),N=10000,1,Overhead,Warmup,3,116610683.49,67108864,1.74
Benchmark.Sha256,console.Enumerations.Example1,Benchmark,Sha256,Core,Default,Default,Default,Default,Default,Default,Default,Default,Default,Default,Default,Core,Default,Default,Default,Default,Default,Default,Default,Default,Default,Default,Default,Default,Default,Default,Default,Default,Default,Default,Default,Default,Default,Default,Default,Default,Default,Default,Default,Core(Runtime=Core),N=10000,1,Overhead,Warmup,4,115599084.38,67108864,1.72
Benchmark.Sha256,console.Enumerations.Example1,Benchmark,Sha256,Core,Default,Default,Default,Default,Default,Default,Default,Default,Default,Default,Default,Core,Default,Default,Default,Default,Default,Default,Default,Default,Default,Default,Default,Default,Default,Default,Default,Default,Default,Default,Default,Default,Default,Default,Default,Default,Default,Default,Default,Core(Runtime=Core),N=10000,1,Overhead,Warmup,5,116585885.82,67108864,1.74
Benchmark.Sha256,console.Enumerations.Example1,Benchmark,Sha256,Core,Default,Default,Default,Default,Default,Default,Default,Default,Default,Default,Default,Core,Default,Default,Default,Default,Default,Default,Default,Default,Default,Default,Default,Default,Default,Default,Default,Default,Default,Default,Default,Default,Default,Default,Default,Default,Default,Default,Default,Core(Runtime=Core),N=10000,1,Overhead,Warmup,6,114922618.5,67108864,1.71
Benchmark.Sha256,console.Enumerations.Example1,Benchmark,Sha256,Core,Default,Default,Default,Default,Default,Default,Default,Default,Default,Default,Default,Core,Default,Default,Default,Default,Default,Default,Default,Default,Default,Default,Default,Default,Default,Default,Default,Default,Default,Default,Default,Default,Default,Default,Default,Default,Default,Default,Default,Core(Runtime=Core),N=10000,1,Overhead,Actual,1,115224201.94,67108864,1.72
Benchmark.Sha256,console.Enumerations.Example1,Benchmark,Sha256,Core,Default,Default,Default,Default,Default,Default,Default,Default,Default,Default,Default,Core,Default,Default,Default,Default,Default,Default,Default,Default,Default,Default,Default,Default,Default,Default,Default,Default,Default,Default,Default,Default,Default,Default,Default,Default,Default,Default,Default,Core(Runtime=Core),N=10000,1,Overhead,Actual,2,116360154.08,67108864,1.73
Benchmark.Sha256,console.Enumerations.Example1,Benchmark,Sha256,Core,Default,Default,Default,Default,Default,Default,Default,Default,Default,Default,Default,Core,Default,Default,Default,Default,Default,Default,Default,Default,Default,Default,Default,Default,Default,Default,Default,Default,Default,Default,Default,Default,Default,Default,Default,Default,Default,Default,Default,Core(Runtime=Core),N=10000,1,Overhead,Actual,3,115801477.14,67108864,1.73
Benchmark.Sha256,console.Enumerations.Example1,Benchmark,Sha256,Core,Default,Default,Default,Default,Default,Default,Default,Default,Default,Default,Default,Core,Default,Default,Default,Default,Default,Default,Default,Default,Default,Default,Default,Default,Default,Default,Default,Default,Default,Default,Default,Default,Default,Default,Default,Default,Default,Default,Default,Core(Runtime=Core),N=10000,1,Overhead,Actual,4,117871353.33,67108864,1.76
Benchmark.Sha256,console.Enumerations.Example1,Benchmark,Sha256,Core,Default,Default,Default,Default,Default,Default,Default,Default,Default,Default,Default,Core,Default,Default,Default,Default,Default,Default,Default,Default,Default,Default,Default,Default,Default,Default,Default,Default,Default,Default,Default,Default,Default,Default,Default,Default,Default,Default,Default,Core(Runtime=Core),N=10000,1,Overhead,Actual,5,118314429.36,67108864,1.76
Benchmark.Sha256,console.Enumerations.Example1,Benchmark,Sha256,Core,Default,Default,Default,Default,Default,Default,Default,Default,Default,Default,Default,Core,Default,Default,Default,Default,Default,Default,Default,Default,Default,Default,Default,Default,Default,Default,Default,Default,Default,Default,Default,Default,Default,Default,Default,Default,Default,Default,Default,Core(Runtime=Core),N=10000,1,Overhead,Actual,6,116802136.1,67108864,1.74
Benchmark.Sha256,console.Enumerations.Example1,Benchmark,Sha256,Core,Default,Default,Default,Default,Default,Default,Default,Default,Default,Default,Default,Core,Default,Default,Default,Default,Default,Default,Default,Default,Default,Default,Default,Default,Default,Default,Default,Default,Default,Default,Default,Default,Default,Default,Default,Default,Default,Default,Default,Core(Runtime=Core),N=10000,1,Overhead,Actual,7,119666996.45,67108864,1.78
Benchmark.Sha256,console.Enumerations.Example1,Benchmark,Sha256,Core,Default,Default,Default,Default,Default,Default,Default,Default,Default,Default,Default,Core,Default,Default,Default,Default,Default,Default,Default,Default,Default,Default,Default,Default,Default,Default,Default,Default,Default,Default,Default,Default,Default,Default,Default,Default,Default,Default,Default,Core(Runtime=Core),N=10000,1,Overhead,Actual,8,117507411.04,67108864,1.75
Benchmark.Sha256,console.Enumerations.Example1,Benchmark,Sha256,Core,Default,Default,Default,Default,Default,Default,Default,Default,Default,Default,Default,Core,Default,Default,Default,Default,Default,Default,Default,Default,Default,Default,Default,Default,Default,Default,Default,Default,Default,Default,Default,Default,Default,Default,Default,Default,Default,Default,Default,Core(Runtime=Core),N=10000,1,Overhead,Actual,9,117378317.28,67108864,1.75
Benchmark.Sha256,console.Enumerations.Example1,Benchmark,Sha256,Core,Default,Default,Default,Default,Default,Default,Default,Default,Default,Default,Default,Core,Default,Default,Default,Default,Default,Default,Default,Default,Default,Default,Default,Default,Default,Default,Default,Default,Default,Default,Default,Default,Default,Default,Default,Default,Default,Default,Default,Core(Runtime=Core),N=10000,1,Overhead,Actual,10,114498140.72,67108864,1.71
Benchmark.Sha256,console.Enumerations.Example1,Benchmark,Sha256,Core,Default,Default,Default,Default,Default,Default,Default,Default,Default,Default,Default,Core,Default,Default,Default,Default,Default,Default,Default,Default,Default,Default,Default,Default,Default,Default,Default,Default,Default,Default,Default,Default,Default,Default,Default,Default,Default,Default,Default,Core(Runtime=Core),N=10000,1,Overhead,Actual,11,117175924.52,67108864,1.75
Benchmark.Sha256,console.Enumerations.Example1,Benchmark,Sha256,Core,Default,Default,Default,Default,Default,Default,Default,Default,Default,Default,Default,Core,Default,Default,Default,Default,Default,Default,Default,Default,Default,Default,Default,Default,Default,Default,Default,Default,Default,Default,Default,Default,Default,Default,Default,Default,Default,Default,Default,Core(Runtime=Core),N=10000,1,Overhead,Actual,12,117737518.84,67108864,1.75
Benchmark.Sha256,console.Enumerations.Example1,Benchmark,Sha256,Core,Default,Default,Default,Default,Default,Default,Default,Default,Default,Default,Default,Core,Default,Default,Default,Default,Default,Default,Default,Default,Default,Default,Default,Default,Default,Default,Default,Default,Default,Default,Default,Default,Default,Default,Default,Default,Default,Default,Default,Core(Runtime=Core),N=10000,1,Overhead,Actual,13,116392974.53,67108864,1.73
Benchmark.Sha256,console.Enumerations.Example1,Benchmark,Sha256,Core,Default,Default,Default,Default,Default,Default,Default,Default,Default,Default,Default,Core,Default,Default,Default,Default,Default,Default,Default,Default,Default,Default,Default,Default,Default,Default,Default,Default,Default,Default,Default,Default,Default,Default,Default,Default,Default,Default,Default,Core(Runtime=Core),N=10000,1,Overhead,Actual,14,117992059.64,67108864,1.76
Benchmark.Sha256,console.Enumerations.Example1,Benchmark,Sha256,Core,Default,Default,Default,Default,Default,Default,Default,Default,Default,Default,Default,Core,Default,Default,Default,Default,Default,Default,Default,Default,Default,Default,Default,Default,Default,Default,Default,Default,Default,Default,Default,Default,Default,Default,Default,Default,Default,Default,Default,Core(Runtime=Core),N=10000,1,Overhead,Actual,15,114496317.36,67108864,1.71
Benchmark.Sha256,console.Enumerations.Example1,Benchmark,Sha256,Core,Default,Default,Default,Default,Default,Default,Default,Default,Default,Default,Default,Core,Default,Default,Default,Default,Default,Default,Default,Default,Default,Default,Default,Default,Default,Default,Default,Default,Default,Default,Default,Default,Default,Default,Default,Default,Default,Default,Default,Core(Runtime=Core),N=10000,1,Workload,Warmup,1,726482052.87,67108864,10.83
Benchmark.Sha256,console.Enumerations.Example1,Benchmark,Sha256,Core,Default,Default,Default,Default,Default,Default,Default,Default,Default,Default,Default,Core,Default,Default,Default,Default,Default,Default,Default,Default,Default,Default,Default,Default,Default,Default,Default,Default,Default,Default,Default,Default,Default,Default,Default,Default,Default,Default,Default,Core(Runtime=Core),N=10000,1,Workload,Warmup,2,726655636.57,67108864,10.83
Benchmark.Sha256,console.Enumerations.Example1,Benchmark,Sha256,Core,Default,Default,Default,Default,Default,Default,Default,Default,Default,Default,Default,Core,Default,Default,Default,Default,Default,Default,Default,Default,Default,Default,Default,Default,Default,Default,Default,Default,Default,Default,Default,Default,Default,Default,Default,Default,Default,Default,Default,Core(Runtime=Core),N=10000,1,Workload,Warmup,3,712781339.61,67108864,10.62
Benchmark.Sha256,console.Enumerations.Example1,Benchmark,Sha256,Core,Default,Default,Default,Default,Default,Default,Default,Default,Default,Default,Default,Core,Default,Default,Default,Default,Default,Default,Default,Default,Default,Default,Default,Default,Default,Default,Default,Default,Default,Default,Default,Default,Default,Default,Default,Default,Default,Default,Default,Core(Runtime=Core),N=10000,1,Workload,Warmup,4,724725064.94,67108864,10.8
Benchmark.Sha256,console.Enumerations.Example1,Benchmark,Sha256,Core,Default,Default,Default,Default,Default,Default,Default,Default,Default,Default,Default,Core,Default,Default,Default,Default,Default,Default,Default,Default,Default,Default,Default,Default,Default,Default,Default,Default,Default,Default,Default,Default,Default,Default,Default,Default,Default,Default,Default,Core(Runtime=Core),N=10000,1,Workload,Warmup,5,717107803.86,67108864,10.69
Benchmark.Sha256,console.Enumerations.Example1,Benchmark,Sha256,Core,Default,Default,Default,Default,Default,Default,Default,Default,Default,Default,Default,Core,Default,Default,Default,Default,Default,Default,Default,Default,Default,Default,Default,Default,Default,Default,Default,Default,Default,Default,Default,Default,Default,Default,Default,Default,Default,Default,Default,Core(Runtime=Core),N=10000,1,Workload,Warmup,6,729260850.71,67108864,10.87
Benchmark.Sha256,console.Enumerations.Example1,Benchmark,Sha256,Core,Default,Default,Default,Default,Default,Default,Default,Default,Default,Default,Default,Core,Default,Default,Default,Default,Default,Default,Default,Default,Default,Default,Default,Default,Default,Default,Default,Default,Default,Default,Default,Default,Default,Default,Default,Default,Default,Default,Default,Core(Runtime=Core),N=10000,1,Workload,Actual,1,751378914.61,67108864,11.2
Benchmark.Sha256,console.Enumerations.Example1,Benchmark,Sha256,Core,Default,Default,Default,Default,Default,Default,Default,Default,Default,Default,Default,Core,Default,Default,Default,Default,Default,Default,Default,Default,Default,Default,Default,Default,Default,Default,Default,Default,Default,Default,Default,Default,Default,Default,Default,Default,Default,Default,Default,Core(Runtime=Core),N=10000,1,Workload,Actual,2,742011959.04,67108864,11.06
Benchmark.Sha256,console.Enumerations.Example1,Benchmark,Sha256,Core,Default,Default,Default,Default,Default,Default,Default,Default,Default,Default,Default,Core,Default,Default,Default,Default,Default,Default,Default,Default,Default,Default,Default,Default,Default,Default,Default,Default,Default,Default,Default,Default,Default,Default,Default,Default,Default,Default,Default,Core(Runtime=Core),N=10000,1,Workload,Actual,3,731679717.66,67108864,10.9
Benchmark.Sha256,console.Enumerations.Example1,Benchmark,Sha256,Core,Default,Default,Default,Default,Default,Default,Default,Default,Default,Default,Default,Core,Default,Default,Default,Default,Default,Default,Default,Default,Default,Default,Default,Default,Default,Default,Default,Default,Default,Default,Default,Default,Default,Default,Default,Default,Default,Default,Default,Core(Runtime=Core),N=10000,1,Workload,Actual,4,735490900.9,67108864,10.96
Benchmark.Sha256,console.Enumerations.Example1,Benchmark,Sha256,Core,Default,Default,Default,Default,Default,Default,Default,Default,Default,Default,Default,Core,Default,Default,Default,Default,Default,Default,Default,Default,Default,Default,Default,Default,Default,Default,Default,Default,Default,Default,Default,Default,Default,Default,Default,Default,Default,Default,Default,Core(Runtime=Core),N=10000,1,Workload,Actual,5,715574724.32,67108864,10.66
Benchmark.Sha256,console.Enumerations.Example1,Benchmark,Sha256,Core,Default,Default,Default,Default,Default,Default,Default,Default,Default,Default,Default,Core,Default,Default,Default,Default,Default,Default,Default,Default,Default,Default,Default,Default,Default,Default,Default,Default,Default,Default,Default,Default,Default,Default,Default,Default,Default,Default,Default,Core(Runtime=Core),N=10000,1,Workload,Actual,6,733656237.91,67108864,10.93
Benchmark.Sha256,console.Enumerations.Example1,Benchmark,Sha256,Core,Default,Default,Default,Default,Default,Default,Default,Default,Default,Default,Default,Core,Default,Default,Default,Default,Default,Default,Default,Default,Default,Default,Default,Default,Default,Default,Default,Default,Default,Default,Default,Default,Default,Default,Default,Default,Default,Default,Default,Core(Runtime=Core),N=10000,1,Workload,Actual,7,730299070.85,67108864,10.88
Benchmark.Sha256,console.Enumerations.Example1,Benchmark,Sha256,Core,Default,Default,Default,Default,Default,Default,Default,Default,Default,Default,Default,Core,Default,Default,Default,Default,Default,Default,Default,Default,Default,Default,Default,Default,Default,Default,Default,Default,Default,Default,Default,Default,Default,Default,Default,Default,Default,Default,Default,Core(Runtime=Core),N=10000,1,Workload,Actual,8,753963707.15,67108864,11.23
Benchmark.Sha256,console.Enumerations.Example1,Benchmark,Sha256,Core,Default,Default,Default,Default,Default,Default,Default,Default,Default,Default,Default,Core,Default,Default,Default,Default,Default,Default,Default,Default,Default,Default,Default,Default,Default,Default,Default,Default,Default,Default,Default,Default,Default,Default,Default,Default,Default,Default,Default,Core(Runtime=Core),N=10000,1,Workload,Actual,9,756158665.71,67108864,11.27
Benchmark.Sha256,console.Enumerations.Example1,Benchmark,Sha256,Core,Default,Default,Default,Default,Default,Default,Default,Default,Default,Default,Default,Core,Default,Default,Default,Default,Default,Default,Default,Default,Default,Default,Default,Default,Default,Default,Default,Default,Default,Default,Default,Default,Default,Default,Default,Default,Default,Default,Default,Core(Runtime=Core),N=10000,1,Workload,Actual,10,757516702.87,67108864,11.29
Benchmark.Sha256,console.Enumerations.Example1,Benchmark,Sha256,Core,Default,Default,Default,Default,Default,Default,Default,Default,Default,Default,Default,Core,Default,Default,Default,Default,Default,Default,Default,Default,Default,Default,Default,Default,Default,Default,Default,Default,Default,Default,Default,Default,Default,Default,Default,Default,Default,Default,Default,Core(Runtime=Core),N=10000,1,Workload,Actual,11,776350534.04,67108864,11.57
Benchmark.Sha256,console.Enumerations.Example1,Benchmark,Sha256,Core,Default,Default,Default,Default,Default,Default,Default,Default,Default,Default,Default,Core,Default,Default,Default,Default,Default,Default,Default,Default,Default,Default,Default,Default,Default,Default,Default,Default,Default,Default,Default,Default,Default,Default,Default,Default,Default,Default,Default,Core(Runtime=Core),N=10000,1,Workload,Actual,12,769283562.46,67108864,11.46
Benchmark.Sha256,console.Enumerations.Example1,Benchmark,Sha256,Core,Default,Default,Default,Default,Default,Default,Default,Default,Default,Default,Default,Core,Default,Default,Default,Default,Default,Default,Default,Default,Default,Default,Default,Default,Default,Default,Default,Default,Default,Default,Default,Default,Default,Default,Default,Default,Default,Default,Default,Core(Runtime=Core),N=10000,1,Workload,Actual,13,786821350.65,67108864,11.72
Benchmark.Sha256,console.Enumerations.Example1,Benchmark,Sha256,Core,Default,Default,Default,Default,Default,Default,Default,Default,Default,Default,Default,Core,Default,Default,Default,Default,Default,Default,Default,Default,Default,Default,Default,Default,Default,Default,Default,Default,Default,Default,Default,Default,Default,Default,Default,Default,Default,Default,Default,Core(Runtime=Core),N=10000,1,Workload,Actual,14,766272468.79,67108864,11.42
Benchmark.Sha256,console.Enumerations.Example1,Benchmark,Sha256,Core,Default,Default,Default,Default,Default,Default,Default,Default,Default,Default,Default,Core,Default,Default,Default,Default,Default,Default,Default,Default,Default,Default,Default,Default,Default,Default,Default,Default,Default,Default,Default,Default,Default,Default,Default,Default,Default,Default,Default,Core(Runtime=Core),N=10000,1,Workload,Actual,15,761278655.44,67108864,11.34
Benchmark.Sha256,console.Enumerations.Example1,Benchmark,Sha256,Core,Default,Default,Default,Default,Default,Default,Default,Default,Default,Default,Default,Core,Default,Default,Default,Default,Default,Default,Default,Default,Default,Default,Default,Default,Default,Default,Default,Default,Default,Default,Default,Default,Default,Default,Default,Default,Default,Default,Default,Core(Runtime=Core),N=10000,1,Workload,Actual,16,777097016.88,67108864,11.58
Benchmark.Sha256,console.Enumerations.Example1,Benchmark,Sha256,Core,Default,Default,Default,Default,Default,Default,Default,Default,Default,Default,Default,Core,Default,Default,Default,Default,Default,Default,Default,Default,Default,Default,Default,Default,Default,Default,Default,Default,Default,Default,Default,Default,Default,Default,Default,Default,Default,Default,Default,Core(Runtime=Core),N=10000,1,Workload,Actual,17,774422515.12,67108864,11.54
Benchmark.Sha256,console.Enumerations.Example1,Benchmark,Sha256,Core,Default,Default,Default,Default,Default,Default,Default,Default,Default,Default,Default,Core,Default,Default,Default,Default,Default,Default,Default,Default,Default,Default,Default,Default,Default,Default,Default,Default,Default,Default,Default,Default,Default,Default,Default,Default,Default,Default,Default,Core(Runtime=Core),N=10000,1,Workload,Actual,18,793095890.77,67108864,11.82
Benchmark.Sha256,console.Enumerations.Example1,Benchmark,Sha256,Core,Default,Default,Default,Default,Default,Default,Default,Default,Default,Default,Default,Core,Default,Default,Default,Default,Default,Default,Default,Default,Default,Default,Default,Default,Default,Default,Default,Default,Default,Default,Default,Default,Default,Default,Default,Default,Default,Default,Default,Core(Runtime=Core),N=10000,1,Workload,Actual,19,795202598.8,67108864,11.85
Benchmark.Sha256,console.Enumerations.Example1,Benchmark,Sha256,Core,Default,Default,Default,Default,Default,Default,Default,Default,Default,Default,Default,Core,Default,Default,Default,Default,Default,Default,Default,Default,Default,Default,Default,Default,Default,Default,Default,Default,Default,Default,Default,Default,Default,Default,Default,Default,Default,Default,Default,Core(Runtime=Core),N=10000,1,Workload,Actual,20,755613481.62,67108864,11.26
Benchmark.Sha256,console.Enumerations.Example1,Benchmark,Sha256,Core,Default,Default,Default,Default,Default,Default,Default,Default,Default,Default,Default,Core,Default,Default,Default,Default,Default,Default,Default,Default,Default,Default,Default,Default,Default,Default,Default,Default,Default,Default,Default,Default,Default,Default,Default,Default,Default,Default,Default,Core(Runtime=Core),N=10000,1,Workload,Actual,21,758749292.99,67108864,11.31
Benchmark.Sha256,console.Enumerations.Example1,Benchmark,Sha256,Core,Default,Default,Default,Default,Default,Default,Default,Default,Default,Default,Default,Core,Default,Default,Default,Default,Default,Default,Default,Default,Default,Default,Default,Default,Default,Default,Default,Default,Default,Default,Default,Default,Default,Default,Default,Default,Default,Default,Default,Core(Runtime=Core),N=10000,1,Workload,Actual,22,765214556.38,67108864,11.4
Benchmark.Sha256,console.Enumerations.Example1,Benchmark,Sha256,Core,Default,Default,Default,Default,Default,Default,Default,Default,Default,Default,Default,Core,Default,Default,Default,Default,Default,Default,Default,Default,Default,Default,Default,Default,Default,Default,Default,Default,Default,Default,Default,Default,Default,Default,Default,Default,Default,Default,Default,Core(Runtime=Core),N=10000,1,Workload,Actual,23,761074074.65,67108864,11.34
Benchmark.Sha256,console.Enumerations.Example1,Benchmark,Sha256,Core,Default,Default,Default,Default,Default,Default,Default,Default,Default,Default,Default,Core,Default,Default,Default,Default,Default,Default,Default,Default,Default,Default,Default,Default,Default,Default,Default,Default,Default,Default,Default,Default,Default,Default,Default,Default,Default,Default,Default,Core(Runtime=Core),N=10000,1,Workload,Actual,24,760151455.42,67108864,11.33
Benchmark.Sha256,console.Enumerations.Example1,Benchmark,Sha256,Core,Default,Default,Default,Default,Default,Default,Default,Default,Default,Default,Default,Core,Default,Default,Default,Default,Default,Default,Default,Default,Default,Default,Default,Default,Default,Default,Default,Default,Default,Default,Default,Default,Default,Default,Default,Default,Default,Default,Default,Core(Runtime=Core),N=10000,1,Workload,Actual,25,754999009.92,67108864,11.25
Benchmark.Sha256,console.Enumerations.Example1,Benchmark,Sha256,Core,Default,Default,Default,Default,Default,Default,Default,Default,Default,Default,Default,Core,Default,Default,Default,Default,Default,Default,Default,Default,Default,Default,Default,Default,Default,Default,Default,Default,Default,Default,Default,Default,Default,Default,Default,Default,Default,Default,Default,Core(Runtime=Core),N=10000,1,Workload,Result,1,634497620.46,67108864,9.45
Benchmark.Sha256,console.Enumerations.Example1,Benchmark,Sha256,Core,Default,Default,Default,Default,Default,Default,Default,Default,Default,Default,Default,Core,Default,Default,Default,Default,Default,Default,Default,Default,Default,Default,Default,Default,Default,Default,Default,Default,Default,Default,Default,Default,Default,Default,Default,Default,Default,Default,Default,Core(Runtime=Core),N=10000,1,Workload,Result,2,625130664.89,67108864,9.32
Benchmark.Sha256,console.Enumerations.Example1,Benchmark,Sha256,Core,Default,Default,Default,Default,Default,Default,Default,Default,Default,Default,Default,Core,Default,Default,Default,Default,Default,Default,Default,Default,Default,Default,Default,Default,Default,Default,Default,Default,Default,Default,Default,Default,Default,Default,Default,Default,Default,Default,Default,Core(Runtime=Core),N=10000,1,Workload,Result,3,614798423.5,67108864,9.16
Benchmark.Sha256,console.Enumerations.Example1,Benchmark,Sha256,Core,Default,Default,Default,Default,Default,Default,Default,Default,Default,Default,Default,Core,Default,Default,Default,Default,Default,Default,Default,Default,Default,Default,Default,Default,Default,Default,Default,Default,Default,Default,Default,Default,Default,Default,Default,Default,Default,Default,Default,Core(Runtime=Core),N=10000,1,Workload,Result,4,618609606.74,67108864,9.22
Benchmark.Sha256,console.Enumerations.Example1,Benchmark,Sha256,Core,Default,Default,Default,Default,Default,Default,Default,Default,Default,Default,Default,Core,Default,Default,Default,Default,Default,Default,Default,Default,Default,Default,Default,Default,Default,Default,Default,Default,Default,Default,Default,Default,Default,Default,Default,Default,Default,Default,Default,Core(Runtime=Core),N=10000,1,Workload,Result,5,598693430.16,67108864,8.92
Benchmark.Sha256,console.Enumerations.Example1,Benchmark,Sha256,Core,Default,Default,Default,Default,Default,Default,Default,Default,Default,Default,Default,Core,Default,Default,Default,Default,Default,Default,Default,Default,Default,Default,Default,Default,Default,Default,Default,Default,Default,Default,Default,Default,Default,Default,Default,Default,Default,Default,Default,Core(Runtime=Core),N=10000,1,Workload,Result,6,616774943.75,67108864,9.19
Benchmark.Sha256,console.Enumerations.Example1,Benchmark,Sha256,Core,Default,Default,Default,Default,Default,Default,Default,Default,Default,Default,Default,Core,Default,Default,Default,Default,Default,Default,Default,Default,Default,Default,Default,Default,Default,Default,Default,Default,Default,Default,Default,Default,Default,Default,Default,Default,Default,Default,Default,Core(Runtime=Core),N=10000,1,Workload,Result,7,613417776.7,67108864,9.14
Benchmark.Sha256,console.Enumerations.Example1,Benchmark,Sha256,Core,Default,Default,Default,Default,Default,Default,Default,Default,Default,Default,Default,Core,Default,Default,Default,Default,Default,Default,Default,Default,Default,Default,Default,Default,Default,Default,Default,Default,Default,Default,Default,Default,Default,Default,Default,Default,Default,Default,Default,Core(Runtime=Core),N=10000,1,Workload,Result,8,637082412.99,67108864,9.49
Benchmark.Sha256,console.Enumerations.Example1,Benchmark,Sha256,Core,Default,Default,Default,Default,Default,Default,Default,Default,Default,Default,Default,Core,Default,Default,Default,Default,Default,Default,Default,Default,Default,Default,Default,Default,Default,Default,Default,Default,Default,Default,Default,Default,Default,Default,Default,Default,Default,Default,Default,Core(Runtime=Core),N=10000,1,Workload,Result,9,639277371.55,67108864,9.53
Benchmark.Sha256,console.Enumerations.Example1,Benchmark,Sha256,Core,Default,Default,Default,Default,Default,Default,Default,Default,Default,Default,Default,Core,Default,Default,Default,Default,Default,Default,Default,Default,Default,Default,Default,Default,Default,Default,Default,Default,Default,Default,Default,Default,Default,Default,Default,Default,Default,Default,Default,Core(Runtime=Core),N=10000,1,Workload,Result,10,640635408.72,67108864,9.55
Benchmark.Sha256,console.Enumerations.Example1,Benchmark,Sha256,Core,Default,Default,Default,Default,Default,Default,Default,Default,Default,Default,Default,Core,Default,Default,Default,Default,Default,Default,Default,Default,Default,Default,Default,Default,Default,Default,Default,Default,Default,Default,Default,Default,Default,Default,Default,Default,Default,Default,Default,Core(Runtime=Core),N=10000,1,Workload,Result,11,659469239.89,67108864,9.83
Benchmark.Sha256,console.Enumerations.Example1,Benchmark,Sha256,Core,Default,Default,Default,Default,Default,Default,Default,Default,Default,Default,Default,Core,Default,Default,Default,Default,Default,Default,Default,Default,Default,Default,Default,Default,Default,Default,Default,Default,Default,Default,Default,Default,Default,Default,Default,Default,Default,Default,Default,Core(Runtime=Core),N=10000,1,Workload,Result,12,652402268.31,67108864,9.72
Benchmark.Sha256,console.Enumerations.Example1,Benchmark,Sha256,Core,Default,Default,Default,Default,Default,Default,Default,Default,Default,Default,Default,Core,Default,Default,Default,Default,Default,Default,Default,Default,Default,Default,Default,Default,Default,Default,Default,Default,Default,Default,Default,Default,Default,Default,Default,Default,Default,Default,Default,Core(Runtime=Core),N=10000,1,Workload,Result,13,669940056.49,67108864,9.98
Benchmark.Sha256,console.Enumerations.Example1,Benchmark,Sha256,Core,Default,Default,Default,Default,Default,Default,Default,Default,Default,Default,Default,Core,Default,Default,Default,Default,Default,Default,Default,Default,Default,Default,Default,Default,Default,Default,Default,Default,Default,Default,Default,Default,Default,Default,Default,Default,Default,Default,Default,Core(Runtime=Core),N=10000,1,Workload,Result,14,649391174.63,67108864,9.68
Benchmark.Sha256,console.Enumerations.Example1,Benchmark,Sha256,Core,Default,Default,Default,Default,Default,Default,Default,Default,Default,Default,Default,Core,Default,Default,Default,Default,Default,Default,Default,Default,Default,Default,Default,Default,Default,Default,Default,Default,Default,Default,Default,Default,Default,Default,Default,Default,Default,Default,Default,Core(Runtime=Core),N=10000,1,Workload,Result,15,644397361.28,67108864,9.6
Benchmark.Sha256,console.Enumerations.Example1,Benchmark,Sha256,Core,Default,Default,Default,Default,Default,Default,Default,Default,Default,Default,Default,Core,Default,Default,Default,Default,Default,Default,Default,Default,Default,Default,Default,Default,Default,Default,Default,Default,Default,Default,Default,Default,Default,Default,Default,Default,Default,Default,Default,Core(Runtime=Core),N=10000,1,Workload,Result,16,660215722.72,67108864,9.84
Benchmark.Sha256,console.Enumerations.Example1,Benchmark,Sha256,Core,Default,Default,Default,Default,Default,Default,Default,Default,Default,Default,Default,Core,Default,Default,Default,Default,Default,Default,Default,Default,Default,Default,Default,Default,Default,Default,Default,Default,Default,Default,Default,Default,Default,Default,Default,Default,Default,Default,Default,Core(Runtime=Core),N=10000,1,Workload,Result,17,657541220.96,67108864,9.8
Benchmark.Sha256,console.Enumerations.Example1,Benchmark,Sha256,Core,Default,Default,Default,Default,Default,Default,Default,Default,Default,Default,Default,Core,Default,Default,Default,Default,Default,Default,Default,Default,Default,Default,Default,Default,Default,Default,Default,Default,Default,Default,Default,Default,Default,Default,Default,Default,Default,Default,Default,Core(Runtime=Core),N=10000,1,Workload,Result,18,676214596.61,67108864,10.08
Benchmark.Sha256,console.Enumerations.Example1,Benchmark,Sha256,Core,Default,Default,Default,Default,Default,Default,Default,Default,Default,Default,Default,Core,Default,Default,Default,Default,Default,Default,Default,Default,Default,Default,Default,Default,Default,Default,Default,Default,Default,Default,Default,Default,Default,Default,Default,Default,Default,Default,Default,Core(Runtime=Core),N=10000,1,Workload,Result,19,678321304.64,67108864,10.11
Benchmark.Sha256,console.Enumerations.Example1,Benchmark,Sha256,Core,Default,Default,Default,Default,Default,Default,Default,Default,Default,Default,Default,Core,Default,Default,Default,Default,Default,Default,Default,Default,Default,Default,Default,Default,Default,Default,Default,Default,Default,Default,Default,Default,Default,Default,Default,Default,Default,Default,Default,Core(Runtime=Core),N=10000,1,Workload,Result,20,638732187.46,67108864,9.52
Benchmark.Sha256,console.Enumerations.Example1,Benchmark,Sha256,Core,Default,Default,Default,Default,Default,Default,Default,Default,Default,Default,Default,Core,Default,Default,Default,Default,Default,Default,Default,Default,Default,Default,Default,Default,Default,Default,Default,Default,Default,Default,Default,Default,Default,Default,Default,Default,Default,Default,Default,Core(Runtime=Core),N=10000,1,Workload,Result,21,641867998.84,67108864,9.56
Benchmark.Sha256,console.Enumerations.Example1,Benchmark,Sha256,Core,Default,Default,Default,Default,Default,Default,Default,Default,Default,Default,Default,Core,Default,Default,Default,Default,Default,Default,Default,Default,Default,Default,Default,Default,Default,Default,Default,Default,Default,Default,Default,Default,Default,Default,Default,Default,Default,Default,Default,Core(Runtime=Core),N=10000,1,Workload,Result,22,648333262.22,67108864,9.66
Benchmark.Sha256,console.Enumerations.Example1,Benchmark,Sha256,Core,Default,Default,Default,Default,Default,Default,Default,Default,Default,Default,Default,Core,Default,Default,Default,Default,Default,Default,Default,Default,Default,Default,Default,Default,Default,Default,Default,Default,Default,Default,Default,Default,Default,Default,Default,Default,Default,Default,Default,Core(Runtime=Core),N=10000,1,Workload,Result,23,644192780.5,67108864,9.6
Benchmark.Sha256,console.Enumerations.Example1,Benchmark,Sha256,Core,Default,Default,Default,Default,Default,Default,Default,Default,Default,Default,Default,Core,Default,Default,Default,Default,Default,Default,Default,Default,Default,Default,Default,Default,Default,Default,Default,Default,Default,Default,Default,Default,Default,Default,Default,Default,Default,Default,Default,Core(Runtime=Core),N=10000,1,Workload,Result,24,643270161.27,67108864,9.59
Benchmark.Sha256,console.Enumerations.Example1,Benchmark,Sha256,Core,Default,Default,Default,Default,Default,Default,Default,Default,Default,Default,Default,Core,Default,Default,Default,Default,Default,Default,Default,Default,Default,Default,Default,Default,Default,Default,Default,Default,Default,Default,Default,Default,Default,Default,Default,Default,Default,Default,Default,Core(Runtime=Core),N=10000,1,Workload,Result,25,638117715.76,67108864,9.51
